-55.00,4819245
-54.95,4801443.9
-54.90,4783715.1
-54.85,4766058.15
-54.80,4748472.85
-54.75,4730958.85
-54.70,4713515.85
-54.65,4696143.5
-54.60,4678841.5
-54.55,4661609.55
-54.50,4644447.35
-54.45,4627354.55
-54.40,4610330.95
-54.35,4593376.1
-54.30,4576489.8
-54.25,4559671.75
-54.20,4542921.6
-54.15,4526239.1
-54.10,4509623.9
-54.05,4493075.75
-54.00,4476594.35
-53.95,4460179.4
-53.90,4443830.6
-53.85,4427547.65
-53.80,4411330.3
-53.75,4395178.2
-53.70,4379091.15
-53.65,4363068.85
-53.60,4347110.95
-53.55,4331217.2
-53.50,4315387.35
-53.45,4299621.1
-53.40,4283918.15
-53.35,4268278.3
-53.30,4252701.15
-53.25,4237186.55
-53.20,4221734.15
-53.15,4206343.7
-53.10,4191014.95
-53.05,4175747.65
-53.00,4160541.45
-52.95,4145396.15
-52.90,4130311.45
-52.85,4115287.15
-52.80,4100322.9
-52.75,4085418.5
-52.70,4070573.65
-52.65,4055788.1
-52.60,4041061.65
-52.55,4026394
-52.50,4011784.85
-52.45,3997234
-52.40,3982741.2
-52.35,3968306.2
-52.30,3953928.75
-52.25,3939608.55
-52.20,3925345.4
-52.15,3911139.05
-52.10,3896989.2
-52.05,3882895.7
-52.00,3868858.25
-51.95,3854876.6
-51.90,3840950.55
-51.85,3827079.8
-51.80,3813264.2
-51.75,3799503.4
-51.70,3785797.25
-51.65,3772145.5
-51.60,3758547.9
-51.55,3745004.2
-51.50,3731514.15
-51.45,3718077.6
-51.40,3704694.3
-51.35,3691363.95
-51.30,3678086.35
-51.25,3664861.35
-51.20,3651688.6
-51.15,3638568
-51.10,3625499.25
-51.05,3612482.1
-51.00,3599516.4
-50.95,3586601.9
-50.90,3573738.4
-50.85,3560925.65
-50.80,3548163.45
-50.75,3535451.55
-50.70,3522789.8
-50.65,3510177.9
-50.60,3497615.7
-50.55,3485103
-50.50,3472639.55
-50.45,3460225.15
-50.40,3447859.55
-50.35,3435542.6
-50.30,3423274.1
-50.25,3411053.8
-50.20,3398881.5
-50.15,3386757
-50.10,3374680.1
-50.05,3362650.6
-50.00,3350668.3
-49.95,3338733
-49.90,3326844.45
-49.85,3315002.55
-49.80,3303207
-49.75,3291457.7
-49.70,3279754.35
-49.65,3268096.8
-49.60,3256484.9
-49.55,3244918.4
-49.50,3233397.15
-49.45,3221920.9
-49.40,3210489.5
-49.35,3199102.7
-49.30,3187760.4
-49.25,3176462.4
-49.20,3165208.45
-49.15,3153998.4
-49.10,3142832.05
-49.05,3131709.25
-49.00,3120629.8
-48.95,3109593.45
-48.90,3098600.1
-48.85,3087649.55
-48.80,3076741.65
-48.75,3065876.1
-48.70,3055052.85
-48.65,3044271.65
-48.60,3033532.4
-48.55,3022834.8
-48.50,3012178.75
-48.45,3001564.1
-48.40,2990990.6
-48.35,2980458.15
-48.30,2969966.55
-48.25,2959515.6
-48.20,2949105.15
-48.15,2938735.05
-48.10,2928405.1
-48.05,2918115.1
-48.00,2907865
-47.95,2897654.5
-47.90,2887483.5
-47.85,2877351.85
-47.80,2867259.3
-47.75,2857205.8
-47.70,2847191.1
-47.65,2837215.05
-47.60,2827277.5
-47.55,2817378.35
-47.50,2807517.35
-47.45,2797694.35
-47.40,2787909.2
-47.35,2778161.8
-47.30,2768451.9
-47.25,2758779.4
-47.20,2749144.15
-47.15,2739545.95
-47.10,2729984.7
-47.05,2720460.2
-47.00,2710972.3
-46.95,2701520.85
-46.90,2692105.7
-46.85,2682726.75
-46.80,2673383.75
-46.75,2664076.65
-46.70,2654805.2
-46.65,2645569.35
-46.60,2636368.9
-46.55,2627203.7
-46.50,2618073.6
-46.45,2608978.45
-46.40,2599918.15
-46.35,2590892.5
-46.30,2581901.4
-46.25,2572944.7
-46.20,2564022.2
-46.15,2555133.85
-46.10,2546279.4
-46.05,2537458.8
-46.00,2528671.9
-45.95,2519918.5
-45.90,2511198.5
-45.85,2502511.75
-45.80,2493858.15
-45.75,2485237.55
-45.70,2476649.75
-45.65,2468094.65
-45.60,2459572.2
-45.55,2451082.1
-45.50,2442624.35
-45.45,2434198.8
-45.40,2425805.25
-45.35,2417443.6
-45.30,2409113.75
-45.25,2400815.55
-45.20,2392548.85
-45.15,2384313.5
-45.10,2376109.45
-45.05,2367936.5
-45.00,2359794.55
-44.95,2351683.45
-44.90,2343603.1
-44.85,2335553.35
-44.80,2327534.1
-44.75,2319545.2
-44.70,2311586.55
-44.65,2303658
-44.60,2295759.45
-44.55,2287890.75
-44.50,2280051.8
-44.45,2272242.5
-44.40,2264462.65
-44.35,2256712.2
-44.30,2248990.95
-44.25,2241298.9
-44.20,2233635.85
-44.15,2226001.7
-44.10,2218396.3
-44.05,2210819.55
-44.00,2203271.35
-43.95,2195751.6
-43.90,2188260.15
-43.85,2180796.9
-43.80,2173361.7
-43.75,2165954.5
-43.70,2158575.1
-43.65,2151223.45
-43.60,2143899.4
-43.55,2136602.9
-43.50,2129333.75
-43.45,2122091.9
-43.40,2114877.25
-43.35,2107689.65
-43.30,2100528.95
-43.25,2093395.15
-43.20,2086288.05
-43.15,2079207.55
-43.10,2072153.6
-43.05,2065126.05
-43.00,2058124.75
-42.95,2051149.7
-42.90,2044200.7
-42.85,2037277.65
-42.80,2030380.5
-42.75,2023509.15
-42.70,2016663.4
-42.65,2009843.25
-42.60,2003048.5
-42.55,1996279.15
-42.50,1989535.05
-42.45,1982816.05
-42.40,1976122.1
-42.35,1969453.1
-42.30,1962808.95
-42.25,1956189.55
-42.20,1949594.75
-42.15,1943024.5
-42.10,1936478.7
-42.05,1929957.2
-42.00,1923460
-41.95,1916986.9
-41.90,1910537.85
-41.85,1904112.75
-41.80,1897711.5
-41.75,1891334
-41.70,1884980.15
-41.65,1878649.9
-41.60,1872343.1
-41.55,1866059.65
-41.50,1859799.5
-41.45,1853562.55
-41.40,1847348.65
-41.35,1841157.75
-41.30,1834989.8
-41.25,1828844.6
-41.20,1822722.15
-41.15,1816622.35
-41.10,1810545.05
-41.05,1804490.25
-41.00,1798457.75
-40.95,1792447.55
-40.90,1786459.5
-40.85,1780493.6
-40.80,1774549.65
-40.75,1768627.6
-40.70,1762727.4
-40.65,1756848.9
-40.60,1750992.1
-40.55,1745156.85
-40.50,1739343.05
-40.45,1733550.65
-40.40,1727779.55
-40.35,1722029.65
-40.30,1716300.9
-40.25,1710593.2
-40.20,1704906.5
-40.15,1699240.65
-40.10,1693595.55
-40.05,1687971.2
-40.00,1682367.5
-39.95,1676784.35
-39.90,1671221.65
-39.85,1665679.3
-39.80,1660157.3
-39.75,1654655.5
-39.70,1649173.85
-39.65,1643712.25
-39.60,1638270.65
-39.55,1632848.95
-39.50,1627447.05
-39.45,1622064.9
-39.40,1616702.45
-39.35,1611359.55
-39.30,1606036.15
-39.25,1600732.2
-39.20,1595447.6
-39.15,1590182.25
-39.10,1584936.1
-39.05,1579709.1
-39.00,1574501.15
-38.95,1569312.15
-38.90,1564142.05
-38.85,1558990.8
-38.80,1553858.25
-38.75,1548744.4
-38.70,1543649.15
-38.65,1538572.4
-38.60,1533514.15
-38.55,1528474.25
-38.50,1523452.65
-38.45,1518449.25
-38.40,1513464.05
-38.35,1508496.95
-38.30,1503547.85
-38.25,1498616.7
-38.20,1493703.4
-38.15,1488807.9
-38.10,1483930.2
-38.05,1479070.1
-38.00,1474227.6
-37.95,1469402.65
-37.90,1464595.15
-37.85,1459805.05
-37.80,1455032.2
-37.75,1450276.65
-37.70,1445538.3
-37.65,1440817.05
-37.60,1436112.85
-37.55,1431425.6
-37.50,1426755.3
-37.45,1422101.8
-37.40,1417465.1
-37.35,1412845.15
-37.30,1408241.8
-37.25,1403655.05
-37.20,1399084.85
-37.15,1394531.05
-37.10,1389993.65
-37.05,1385472.6
-37.00,1380967.8
-36.95,1376479.2
-36.90,1372006.7
-36.85,1367550.3
-36.80,1363109.9
-36.75,1358685.45
-36.70,1354276.85
-36.65,1349884.1
-36.60,1345507.1
-36.55,1341145.8
-36.50,1336800.15
-36.45,1332470.05
-36.40,1328155.45
-36.35,1323856.35
-36.30,1319572.6
-36.25,1315304.2
-36.20,1311051.05
-36.15,1306813.1
-36.10,1302590.35
-36.05,1298382.65
-36.00,1294190
-35.95,1290012.35
-35.90,1285849.55
-35.85,1281701.7
-35.80,1277568.6
-35.75,1273450.25
-35.70,1269346.55
-35.65,1265257.55
-35.60,1261183.05
-35.55,1257123.1
-35.50,1253077.65
-35.45,1249046.55
-35.40,1245029.8
-35.35,1241027.35
-35.30,1237039.15
-35.25,1233065.15
-35.20,1229105.25
-35.15,1225159.4
-35.10,1221227.6
-35.05,1217309.75
-35.00,1213405.8
-34.95,1209515.7
-34.90,1205639.4
-34.85,1201776.85
-34.80,1197928
-34.75,1194092.8
-34.70,1190271.2
-34.65,1186463.1
-34.60,1182668.5
-34.55,1178887.3
-34.50,1175119.55
-34.45,1171365.05
-34.40,1167623.9
-34.35,1163895.9
-34.30,1160181.15
-34.25,1156479.45
-34.20,1152790.85
-34.15,1149115.3
-34.10,1145452.7
-34.05,1141803.05
-34.00,1138166.25
-33.95,1134542.25
-33.90,1130931.05
-33.85,1127332.55
-33.80,1123746.75
-33.75,1120173.55
-33.70,1116612.95
-33.65,1113064.9
-33.60,1109529.3
-33.55,1106006.15
-33.50,1102495.35
-33.45,1098996.95
-33.40,1095510.8
-33.35,1092036.9
-33.30,1088575.2
-33.25,1085125.65
-33.20,1081688.2
-33.15,1078262.8
-33.10,1074849.45
-33.05,1071448
-33.00,1068058.55
-32.95,1064680.9
-32.90,1061315.1
-32.85,1057961.1
-32.80,1054618.85
-32.75,1051288.25
-32.70,1047969.35
-32.65,1044662
-32.60,1041366.25
-32.55,1038082
-32.50,1034809.25
-32.45,1031547.9
-32.40,1028297.9
-32.35,1025059.3
-32.30,1021831.95
-32.25,1018615.9
-32.20,1015411.05
-32.15,1012217.35
-32.10,1009034.8
-32.05,1005863.3
-32.00,1002702.9
-31.95,999553.45
-31.90,996415
-31.85,993287.4
-31.80,990170.75
-31.75,987064.9
-31.70,983969.85
-31.65,980885.55
-31.60,977811.95
-31.55,974749.05
-31.50,971696.75
-31.45,968655.05
-31.40,965623.9
-31.35,962603.25
-31.30,959593.1
-31.25,956593.35
-31.20,953604
-31.15,950625
-31.10,947656.3
-31.05,944697.9
-31.00,941749.7
-30.95,938811.75
-30.90,935883.9
-30.85,932966.2
-30.80,930058.6
-30.75,927161
-30.70,924273.45
-30.65,921395.8
-30.60,918528.15
-30.55,915670.35
-30.50,912822.45
-30.45,909984.3
-30.40,907156
-30.35,904337.4
-30.30,901528.5
-30.25,898729.3
-30.20,895939.75
-30.15,893159.75
-30.10,890389.35
-30.05,887628.45
-30.00,884877.05
-29.95,882135.1
-29.90,879402.6
-29.85,876679.45
-29.80,873965.65
-29.75,871261.2
-29.70,868566
-29.65,865880.05
-29.60,863203.3
-29.55,860535.7
-29.50,857877.3
-29.45,855227.95
-29.40,852587.7
-29.35,849956.5
-29.30,847334.3
-29.25,844721.05
-29.20,842116.75
-29.15,839521.35
-29.10,836934.8
-29.05,834357.15
-29.00,831788.25
-28.95,829228.15
-28.90,826676.75
-28.85,824134.1
-28.80,821600.1
-28.75,819074.75
-28.70,816558
-28.65,814049.85
-28.60,811550.2
-28.55,809059.1
-28.50,806576.5
-28.45,804102.3
-28.40,801636.55
-28.35,799179.2
-28.30,796730.15
-28.25,794289.5
-28.20,791857.1
-28.15,789432.95
-28.10,787017.05
-28.05,784609.35
-28.00,782209.85
-27.95,779818.45
-27.90,777435.2
-27.85,775060
-27.80,772692.85
-27.75,770333.75
-27.70,767982.6
-27.65,765639.45
-27.60,763304.2
-27.55,760976.9
-27.50,758657.45
-27.45,756345.8
-27.40,754042
-27.35,751746
-27.30,749457.75
-27.25,747177.25
-27.20,744904.45
-27.15,742639.3
-27.10,740381.8
-27.05,738131.9
-27.00,735889.6
-26.95,733654.85
-26.90,731427.65
-26.85,729207.95
-26.80,726995.75
-26.75,724790.95
-26.70,722593.6
-26.65,720403.65
-26.60,718221.05
-26.55,716045.8
-26.50,713877.85
-26.45,711717.2
-26.40,709563.8
-26.35,707417.65
-26.30,705278.7
-26.25,703146.9
-26.20,701022.3
-26.15,698904.8
-26.10,696794.4
-26.05,694691.1
-26.00,692594.8
-25.95,690505.55
-25.90,688423.35
-25.85,686348.05
-25.80,684279.7
-25.75,682218.3
-25.70,680163.8
-25.65,678116.15
-25.60,676075.35
-25.55,674041.35
-25.50,672014.2
-25.45,669993.75
-25.40,667980.1
-25.35,665973.15
-25.30,663972.9
-25.25,661979.3
-25.20,659992.4
-25.15,658012.1
-25.10,656038.35
-25.05,654071.25
-25.00,652110.65
-24.95,650156.6
-24.90,648209.05
-24.85,646268
-24.80,644333.35
-24.75,642405.2
-24.70,640483.4
-24.65,638568
-24.60,636659
-24.55,634756.3
-24.50,632859.95
-24.45,630969.85
-24.40,629086.05
-24.35,627208.5
-24.30,625337.2
-24.25,623472.05
-24.20,621613.1
-24.15,619760.3
-24.10,617913.65
-24.05,616073.15
-24.00,614238.7
-23.95,612410.3
-23.90,610587.95
-23.85,608771.65
-23.80,606961.35
-23.75,605157.05
-23.70,603358.7
-23.65,601566.25
-23.60,599779.75
-23.55,597999.15
-23.50,596224.4
-23.45,594455.55
-23.40,592692.5
-23.35,590935.25
-23.30,589183.8
-23.25,587438.1
-23.20,585698.2
-23.15,583964
-23.10,582235.5
-23.05,580512.7
-23.00,578795.55
-22.95,577084.05
-22.90,575378.2
-22.85,573677.9
-22.80,571983.25
-22.75,570294.1
-22.70,568610.55
-22.65,566932.5
-22.60,565259.95
-22.55,563592.9
-22.50,561931.3
-22.45,560275.15
-22.40,558624.45
-22.35,556979.15
-22.30,555339.2
-22.25,553704.65
-22.20,552075.45
-22.15,550451.6
-22.10,548833.05
-22.05,547219.75
-22.00,545611.75
-21.95,544009
-21.90,542411.5
-21.85,540819.2
-21.80,539232.1
-21.75,537650.2
-21.70,536073.45
-21.65,534501.85
-21.60,532935.35
-21.55,531373.95
-21.50,529817.65
-21.45,528266.45
-21.40,526720.25
-21.35,525179.1
-21.30,523643
-21.25,522111.85
-21.20,520585.7
-21.15,519064.5
-21.10,517548.25
-21.05,516036.95
-21.00,514530.55
-20.95,513029.05
-20.90,511532.4
-20.85,510040.6
-20.80,508553.65
-20.75,507071.55
-20.70,505594.2
-20.65,504121.7
-20.60,502653.95
-20.55,501190.9
-20.50,499732.65
-20.45,498279.1
-20.40,496830.25
-20.35,495386.1
-20.30,493946.65
-20.25,492511.8
-20.20,491081.6
-20.15,489656.05
-20.10,488235.05
-20.05,486818.7
-20.00,485406.9
-19.95,483999.65
-19.90,482596.9
-19.85,481198.75
-19.80,479805.05
-19.75,478415.85
-19.70,477031.15
-19.65,475650.9
-19.60,474275.1
-19.55,472903.75
-19.50,471536.75
-19.45,470174.2
-19.40,468816
-19.35,467462.2
-19.30,466112.75
-19.25,464767.6
-19.20,463426.8
-19.15,462090.3
-19.10,460758.1
-19.05,459430.15
-19.00,458106.5
-18.95,456787.05
-18.90,455471.85
-18.85,454160.85
-18.80,452854.1
-18.75,451551.5
-18.70,450253.05
-18.65,448958.8
-18.60,447668.65
-18.55,446382.65
-18.50,445100.8
-18.45,443823
-18.40,442549.3
-18.35,441279.65
-18.30,440014.1
-18.25,438752.55
-18.20,437495.05
-18.15,436241.55
-18.10,434992.05
-18.05,433746.55
-18.00,432505
-17.95,431267.4
-17.90,430033.8
-17.85,428804.1
-17.80,427578.3
-17.75,426356.4
-17.70,425138.4
-17.65,423924.25
-17.60,422714
-17.55,421507.6
-17.50,420305
-17.45,419106.25
-17.40,417911.3
-17.35,416720.15
-17.30,415532.8
-17.25,414349.2
-17.20,413169.35
-17.15,411993.25
-17.10,410820.85
-17.05,409652.2
-17.00,408487.25
-16.95,407325.95
-16.90,406168.4
-16.85,405014.45
-16.80,403864.2
-16.75,402717.55
-16.70,401574.55
-16.65,400435.15
-16.60,399299.4
-16.55,398167.2
-16.50,397038.55
-16.45,395913.5
-16.40,394792
-16.35,393674.05
-16.30,392559.6
-16.25,391448.7
-16.20,390341.3
-16.15,389237.35
-16.10,388136.9
-16.05,387039.95
-16.00,385946.4
-15.95,384856.35
-15.90,383769.7
-15.85,382686.45
-15.80,381606.65
-15.75,380530.2
-15.70,379457.15
-15.65,378387.5
-15.60,377321.2
-15.55,376258.25
-15.50,375198.6
-15.45,374142.3
-15.40,373089.35
-15.35,372039.65
-15.30,370993.25
-15.25,369950.15
-15.20,368910.35
-15.15,367873.75
-15.10,366840.45
-15.05,365810.35
-15.00,364783.5
-14.95,363759.8
-14.90,362739.35
-14.85,361722.1
-14.80,360708.05
-14.75,359697.15
-14.70,358689.4
-14.65,357684.8
-14.60,356683.3
-14.55,355685
-14.50,354689.75
-14.45,353697.65
-14.40,352708.6
-14.35,351722.7
-14.30,350739.8
-14.25,349760
-14.20,348783.25
-14.15,347809.55
-14.10,346838.9
-14.05,345871.25
-14.00,344906.6
-13.95,343944.95
-13.90,342986.3
-13.85,342030.65
-13.80,341077.95
-13.75,340128.2
-13.70,339181.4
-13.65,338237.55
-13.60,337296.6
-13.55,336358.6
-13.50,335423.55
-13.45,334491.35
-13.40,333562.05
-13.35,332635.6
-13.30,331712.05
-13.25,330791.35
-13.20,329873.55
-13.15,328958.55
-13.10,328046.35
-13.05,327137
-13.00,326230.5
-12.95,325326.75
-12.90,324425.85
-12.85,323527.65
-12.80,322632.3
-12.75,321739.7
-12.70,320849.85
-12.65,319962.7
-12.60,319078.35
-12.55,318196.7
-12.50,317317.75
-12.45,316441.55
-12.40,315568.05
-12.35,314697.2
-12.30,313829.05
-12.25,312963.6
-12.20,312100.8
-12.15,311240.65
-12.10,310383.1
-12.05,309528.25
-12.00,308676
-11.95,307826.4
-11.90,306979.4
-11.85,306134.95
-11.80,305293.15
-11.75,304453.9
-11.70,303617.25
-11.65,302783.15
-11.60,301951.6
-11.55,301122.65
-11.50,300296.2
-11.45,299472.3
-11.40,298650.9
-11.35,297832
-11.30,297015.65
-11.25,296201.8
-11.20,295390.4
-11.15,294581.5
-11.10,293775.1
-11.05,292971.15
-11.00,292169.65
-10.95,291370.55
-10.90,290573.95
-10.85,289779.8
-10.80,288988
-10.75,288198.7
-10.70,287411.75
-10.65,286627.2
-10.60,285845.05
-10.55,285065.3
-10.50,284287.95
-10.45,283512.9
-10.40,282740.25
-10.35,281969.95
-10.30,281202
-10.25,280436.35
-10.20,279673.05
-10.15,278912.1
-10.10,278153.45
-10.05,277397.05
-10.00,276643
-9.95,275891.25
-9.90,275141.75
-9.85,274394.55
-9.80,273649.6
-9.75,272906.9
-9.70,272166.45
-9.65,271428.25
-9.60,270692.3
-9.55,269958.6
-9.50,269227.1
-9.45,268497.8
-9.40,267770.7
-9.35,267045.85
-9.30,266323.15
-9.25,265602.65
-9.20,264884.3
-9.15,264168.15
-9.10,263454.15
-9.05,262742.35
-9.00,262032.65
-8.95,261325.1
-8.90,260619.7
-8.85,259916.4
-8.80,259215.25
-8.75,258516.2
-8.70,257819.25
-8.65,257124.4
-8.60,256431.65
-8.55,255741
-8.50,255052.45
-8.45,254365.9
-8.40,253681.45
-8.35,252999.1
-8.30,252318.75
-8.25,251640.45
-8.20,250964.2
-8.15,250290
-8.10,249617.8
-8.05,248947.6
-8.00,248279.45
-7.95,247613.3
-7.90,246949.15
-7.85,246286.95
-7.80,245626.75
-7.75,244968.55
-7.70,244312.35
-7.65,243658.05
-7.60,243005.75
-7.55,242355.4
-7.50,241706.95
-7.45,241060.5
-7.40,240415.95
-7.35,239773.35
-7.30,239132.65
-7.25,238493.85
-7.20,237857
-7.15,237222.05
-7.10,236588.95
-7.05,235957.8
-7.00,235328.5
-6.95,234701.05
-6.90,234075.5
-6.85,233451.8
-6.80,232830
-6.75,232210
-6.70,231591.9
-6.65,230975.6
-6.60,230361.15
-6.55,229748.5
-6.50,229137.7
-6.45,228528.7
-6.40,227921.55
-6.35,227316.15
-6.30,226712.6
-6.25,226110.8
-6.20,225510.8
-6.15,224912.6
-6.10,224316.15
-6.05,223721.5
-6.00,223128.6
-5.95,222537.45
-5.90,221948.05
-5.85,221360.4
-5.80,220774.45
-5.75,220190.3
-5.70,219607.85
-5.65,219027.15
-5.60,218448.15
-5.55,217870.85
-5.50,217295.25
-5.45,216721.4
-5.40,216149.2
-5.35,215578.7
-5.30,215009.9
-5.25,214442.75
-5.20,213877.3
-5.15,213313.5
-5.10,212751.4
-5.05,212190.95
-5.00,211632.1
-4.95,211074.95
-4.90,210519.4
-4.85,209965.55
-4.80,209413.25
-4.75,208862.65
-4.70,208313.65
-4.65,207766.25
-4.60,207220.45
-4.55,206676.25
-4.50,206133.7
-4.45,205592.7
-4.40,205053.3
-4.35,204515.5
-4.30,203979.25
-4.25,203444.6
-4.20,202911.5
-4.15,202380
-4.10,201850
-4.05,201321.6
-4.00,200794.75
-3.95,200269.4
-3.90,199745.6
-3.85,199223.35
-3.80,198702.65
-3.75,198183.45
-3.70,197665.75
-3.65,197149.6
-3.60,196634.95
-3.55,196121.8
-3.50,195610.15
-3.45,195100
-3.40,194591.35
-3.35,194084.15
-3.30,193578.45
-3.25,193074.25
-3.20,192571.45
-3.15,192070.2
-3.10,191570.35
-3.05,191072
-3.00,190575.1
-2.95,190079.6
-2.90,189585.6
-2.85,189093
-2.80,188601.85
-2.75,188112.1
-2.70,187623.8
-2.65,187136.95
-2.60,186651.45
-2.55,186167.4
-2.50,185684.75
-2.45,185203.5
-2.40,184723.65
-2.35,184245.2
-2.30,183768.15
-2.25,183292.45
-2.20,182818.15
-2.15,182345.2
-2.10,181873.65
-2.05,181403.45
-2.00,180934.65
-1.95,180467.15
-1.90,180001.05
-1.85,179536.25
-1.80,179072.85
-1.75,178610.75
-1.70,178150
-1.65,177690.6
-1.60,177232.5
-1.55,176775.7
-1.50,176320.3
-1.45,175866.15
-1.40,175413.3
-1.35,174961.8
-1.30,174511.6
-1.25,174062.7
-1.20,173615.05
-1.15,173168.75
-1.10,172723.7
-1.05,172279.95
-1.00,171832.5
-0.95,171391.5
-0.90,170951.8
-0.85,170513.4
-0.80,170076.2
-0.75,169640.3
-0.70,169205.65
-0.65,168772.25
-0.60,168340.1
-0.55,167909.15
-0.50,167479.5
-0.45,167051.05
-0.40,166623.85
-0.35,166197.85
-0.30,165773.1
-0.25,165349.55
-0.20,164927.2
-0.15,164506.1
-0.10,164086.2
-0.05,163667.5
0.00,163250
0.05,162833.7
0.10,162418.6
0.15,162004.65
0.20,161591.9
0.25,161180.35
0.30,160770
0.35,160360.8
0.40,159952.75
0.45,159545.9
0.50,159140.15
0.55,158735.6
0.60,158332.25
0.65,157930
0.70,157528.9
0.75,157128.95
0.80,156730.15
0.85,156332.5
0.90,155935.95
0.95,155540.55
1.00,155146.25
1.05,154753.1
1.10,154361.1
1.15,153970.15
1.20,153580.35
1.25,153191.65
1.30,152804.05
1.35,152417.6
1.40,152032.2
1.45,151647.9
1.50,151264.7
1.55,150882.6
1.60,150501.55
1.65,150121.6
1.70,149742.75
1.75,149364.95
1.80,148988.2
1.85,148612.55
1.90,148237.95
1.95,147864.45
2.00,147491.95
2.05,147120.55
2.10,146750.2
2.15,146380.9
2.20,146012.6
2.25,145645.4
2.30,145279.2
2.35,144914.05
2.40,144549.9
2.45,144186.8
2.50,143824.75
2.55,143463.7
2.60,143103.65
2.65,142744.65
2.70,142386.65
2.75,142029.65
2.80,141673.7
2.85,141318.7
2.90,140964.7
2.95,140611.75
3.00,140259.75
3.05,139908.75
3.10,139558.75
3.15,139209.7
3.20,138861.7
3.25,138514.6
3.30,138168.5
3.35,137823.4
3.40,137479.25
3.45,137136.1
3.50,136793.85
3.55,136452.6
3.60,136112.3
3.65,135772.95
3.70,135434.55
3.75,135097.15
3.80,134760.65
3.85,134425.1
3.90,134090.45
3.95,133756.8
4.00,133424.05
4.05,133092.25
4.10,132761.35
4.15,132431.4
4.20,132102.35
4.25,131774.25
4.30,131447.05
4.35,131120.75
4.40,130795.4
4.45,130470.9
4.50,130147.35
4.55,129824.7
4.60,129502.95
4.65,129182.1
4.70,128862.1
4.75,128543.05
4.80,128224.85
4.85,127907.55
4.90,127591.15
4.95,127275.65
5.00,126960.95
5.05,126647.2
5.10,126334.3
5.15,126022.25
5.20,125711.1
5.25,125400.8
5.30,125091.35
5.35,124782.75
5.40,124475.05
5.45,124168.15
5.50,123862.15
5.55,123556.95
5.60,123252.65
5.65,122949.15
5.70,122646.55
5.75,122344.75
5.80,122043.75
5.85,121743.65
5.90,121444.35
5.95,121145.85
6.00,120848.2
6.05,120551.4
6.10,120255.4
6.15,119960.2
6.20,119665.85
6.25,119372.3
6.30,119079.55
6.35,118787.6
6.40,118496.5
6.45,118206.15
6.50,117916.65
6.55,117627.9
6.60,117340
6.65,117052.85
6.70,116766.5
6.75,116480.95
6.80,116196.15
6.85,115912.2
6.90,115629
6.95,115346.55
7.00,115064.9
7.05,114784.05
7.10,114503.95
7.15,114224.6
7.20,113946.05
7.25,113668.25
7.30,113391.2
7.35,113114.95
7.40,112839.4
7.45,112564.65
7.50,112290.65
7.55,112017.4
7.60,111744.9
7.65,111473.15
7.70,111202.1
7.75,110931.85
7.80,110662.3
7.85,110393.5
7.90,110125.45
7.95,109858.15
8.00,109591.55
8.05,109325.65
8.10,109060.55
8.15,108796.1
8.20,108532.4
8.25,108269.45
8.30,108007.2
8.35,107745.65
8.40,107484.85
8.45,107224.7
8.50,106965.3
8.55,106706.6
8.60,106448.65
8.65,106191.35
8.70,105934.75
8.75,105678.85
8.80,105423.65
8.85,105169.15
8.90,104915.35
8.95,104662.25
9.00,104409.85
9.05,104158.1
9.10,103907.05
9.15,103656.65
9.20,103406.95
9.25,103157.95
9.30,102909.6
9.35,102661.95
9.40,102414.95
9.45,102168.6
9.50,101922.95
9.55,101677.95
9.60,101433.65
9.65,101190
9.70,100946.95
9.75,100704.65
9.80,100462.95
9.85,100221.9
9.90,99981.5
9.95,99741.8
10.00,99502.7
10.05,99264.25
10.10,99026.45
10.15,98789.3
10.20,98552.8
10.25,98316.9
10.30,98081.65
10.35,97847.05
10.40,97613.1
10.45,97379.75
10.50,97147.05
10.55,96914.95
10.60,96683.5
10.65,96452.65
10.70,96222.45
10.75,95992.85
10.80,95763.9
10.85,95535.5
10.90,95307.8
10.95,95080.65
11.00,94854.1
11.05,94628.2
11.10,94402.9
11.15,94178.2
11.20,93954.1
11.25,93730.6
11.30,93507.7
11.35,93285.4
11.40,93063.7
11.45,92842.6
11.50,92622.05
11.55,92402.15
11.60,92182.8
11.65,91964.05
11.70,91745.9
11.75,91528.3
11.80,91311.3
11.85,91094.9
11.90,90879.05
11.95,90663.8
12.00,90449.1
12.05,90235
12.10,90021.45
12.15,89808.5
12.20,89596.1
12.25,89384.25
12.30,89173
12.35,88962.3
12.40,88752.15
12.45,88542.55
12.50,88333.55
12.55,88125.05
12.60,87917.15
12.65,87709.8
12.70,87503
12.75,87296.75
12.80,87091
12.85,86885.85
12.90,86681.25
12.95,86477.15
13.00,86273.65
13.05,86070.65
13.10,85868.2
13.15,85666.3
13.20,85464.9
13.25,85264.1
13.30,85063.75
13.35,84864
13.40,84664.75
13.45,84466
13.50,84267.85
13.55,84070.15
13.60,83873
13.65,83676.4
13.70,83480.3
13.75,83284.7
13.80,83089.65
13.85,82895.1
13.90,82701.05
13.95,82507.55
14.00,82314.5
14.05,82122
14.10,81930.05
14.15,81738.55
14.20,81547.55
14.25,81357.1
14.30,81167.1
14.35,80977.65
14.40,80788.65
14.45,80600.2
14.50,80412.2
14.55,80224.7
14.60,80037.75
14.65,79851.25
14.70,79665.2
14.75,79479.7
14.80,79294.7
14.85,79110.15
14.90,78926.05
14.95,78742.5
15.00,78559.4
15.05,78376.8
15.10,78194.65
15.15,78013
15.20,77831.85
15.25,77651.15
15.30,77470.9
15.35,77291.15
15.40,77111.85
15.45,76933.05
15.50,76754.7
15.55,76576.85
15.60,76399.4
15.65,76222.45
15.70,76046
15.75,75869.95
15.80,75694.4
15.85,75519.3
15.90,75344.65
15.95,75170.45
16.00,74996.7
16.05,74823.45
16.10,74650.6
16.15,74478.25
16.20,74306.3
16.25,74134.85
16.30,73963.8
16.35,73793.2
16.40,73623.05
16.45,73453.35
16.50,73284.1
16.55,73115.3
16.60,72946.9
16.65,72779
16.70,72611.5
16.75,72444.4
16.80,72277.8
16.85,72111.6
16.90,71945.85
16.95,71780.5
17.00,71615.6
17.05,71451.1
17.10,71287.05
17.15,71123.45
17.20,70960.25
17.25,70797.45
17.30,70635.1
17.35,70473.2
17.40,70311.65
17.45,70150.6
17.50,69989.9
17.55,69829.65
17.60,69669.8
17.65,69510.35
17.70,69351.35
17.75,69192.75
17.80,69034.55
17.85,68876.75
17.90,68719.35
17.95,68562.4
18.00,68405.85
18.05,68249.65
18.10,68093.9
18.15,67938.55
18.20,67783.6
18.25,67629.05
18.30,67474.85
18.35,67321.1
18.40,67167.75
18.45,67014.75
18.50,66862.2
18.55,66710
18.60,66558.2
18.65,66406.8
18.70,66255.8
18.75,66105.2
18.80,65954.95
18.85,65805.1
18.90,65655.65
18.95,65506.55
19.00,65357.85
19.05,65209.55
19.10,65061.6
19.15,64914.05
19.20,64766.85
19.25,64620.05
19.30,64473.65
19.35,64327.6
19.40,64181.9
19.45,64036.65
19.50,63891.7
19.55,63747.15
19.60,63602.95
19.65,63459.15
19.70,63315.7
19.75,63172.6
19.80,63029.9
19.85,62887.55
19.90,62745.55
19.95,62603.95
20.00,62462.65
20.05,62321.75
20.10,62181.2
20.15,62041.05
20.20,61901.2
20.25,61761.75
20.30,61622.6
20.35,61483.85
20.40,61345.45
20.45,61207.4
20.50,61069.7
20.55,60932.35
20.60,60795.35
20.65,60658.7
20.70,60522.4
20.75,60386.45
20.80,60250.85
20.85,60115.55
20.90,59980.65
20.95,59846.05
21.00,59711.8
21.05,59577.9
21.10,59444.35
21.15,59311.15
21.20,59178.25
21.25,59045.7
21.30,58913.5
21.35,58781.65
21.40,58650.1
21.45,58518.9
21.50,58388
21.55,58257.5
21.60,58127.25
21.65,57997.4
21.70,57867.85
21.75,57738.6
21.80,57609.7
21.85,57481.15
21.90,57352.9
21.95,57225
22.00,57097.4
22.05,56970.1
22.10,56843.15
22.15,56716.5
22.20,56590.2
22.25,56464.2
22.30,56338.5
22.35,56213.15
22.40,56088.1
22.45,55963.35
22.50,55838.95
22.55,55714.85
22.60,55591.05
22.65,55467.6
22.70,55344.4
22.75,55221.55
22.80,55099
22.85,54976.75
22.90,54854.8
22.95,54733.2
23.00,54611.85
23.05,54490.85
23.10,54370.15
23.15,54249.7
23.20,54129.6
23.25,54009.8
23.30,53890.3
23.35,53771.1
23.40,53652.2
23.45,53533.55
23.50,53415.25
23.55,53297.25
23.60,53179.5
23.65,53062.1
23.70,52944.95
23.75,52828.1
23.80,52711.55
23.85,52595.3
23.90,52479.35
23.95,52363.65
24.00,52248.3
24.05,52133.2
24.10,52018.35
24.15,51903.85
24.20,51789.6
24.25,51675.65
24.30,51562
24.35,51448.6
24.40,51335.5
24.45,51222.65
24.50,51110.1
24.55,50997.85
24.60,50885.9
24.65,50774.2
24.70,50662.75
24.75,50551.6
24.80,50440.75
24.85,50330.15
24.90,50219.8
24.95,50109.75
25.00,50000
25.05,49890.5
25.10,49781.25
25.15,49672.3
25.20,49563.65
25.25,49455.2
25.30,49347.05
25.35,49239.2
25.40,49131.55
25.45,49024.25
25.50,48917.15
25.55,48810.35
25.60,48703.8
25.65,48597.5
25.70,48491.45
25.75,48385.7
25.80,48280.2
25.85,48174.95
25.90,48070
25.95,47965.3
26.00,47860.8
26.05,47756.6
26.10,47652.65
26.15,47549
26.20,47445.55
26.25,47342.4
26.30,47239.45
26.35,47136.8
26.40,47034.35
26.45,46932.2
26.50,46830.3
26.55,46728.65
26.60,46627.25
26.65,46526.05
26.70,46425.15
26.75,46324.5
26.80,46224.1
26.85,46123.9
26.90,46024
26.95,45924.3
27.00,45824.9
27.05,45725.7
27.10,45626.75
27.15,45528.05
27.20,45429.6
27.25,45331.4
27.30,45233.4
27.35,45135.65
27.40,45038.2
27.45,44940.9
27.50,44843.9
27.55,44747.1
27.60,44650.6
27.65,44554.25
27.70,44458.2
27.75,44362.35
27.80,44266.75
27.85,44171.4
27.90,44076.25
27.95,43981.35
28.00,43886.7
28.05,43792.25
28.10,43698.05
28.15,43604.05
28.20,43510.3
28.25,43416.8
28.30,43323.5
28.35,43230.45
28.40,43137.6
28.45,43045
28.50,42952.6
28.55,42860.45
28.60,42768.5
28.65,42676.8
28.70,42585.3
28.75,42494.05
28.80,42403
28.85,42312.2
28.90,42221.6
28.95,42131.2
29.00,42041.05
29.05,41951.1
29.10,41861.4
29.15,41771.9
29.20,41682.6
29.25,41593.5
29.30,41504.65
29.35,41416.05
29.40,41327.6
29.45,41239.4
29.50,41151.4
29.55,41063.6
29.60,40976.05
29.65,40888.7
29.70,40801.55
29.75,40714.6
29.80,40627.9
29.85,40541.35
29.90,40455.05
29.95,40368.95
30.00,40283.05
30.05,40197.4
30.10,40111.9
30.15,40026.65
30.20,39941.6
30.25,39856.75
30.30,39772.1
30.35,39687.65
30.40,39603.4
30.45,39519.35
30.50,39435.5
30.55,39351.85
30.60,39268.45
30.65,39185.2
30.70,39102.15
30.75,39019.35
30.80,38936.7
30.85,38854.25
30.90,38772.05
30.95,38690
31.00,38608.15
31.05,38526.5
31.10,38445.05
31.15,38363.8
31.20,38282.75
31.25,38201.9
31.30,38121.2
31.35,38040.75
31.40,37960.45
31.45,37880.35
31.50,37800.45
31.55,37720.75
31.60,37641.25
31.65,37561.95
31.70,37482.8
31.75,37403.85
31.80,37325.1
31.85,37246.55
31.90,37168.15
31.95,37089.95
32.00,37011.95
32.05,36934.15
32.10,36856.5
32.15,36779.05
32.20,36701.8
32.25,36624.7
32.30,36547.8
32.35,36471.1
32.40,36394.6
32.45,36318.25
32.50,36242.1
32.55,36166.1
32.60,36090.3
32.65,36014.7
32.70,35939.25
32.75,35864
32.80,35788.9
32.85,35714
32.90,35639.3
32.95,35564.75
33.00,35490.35
33.05,35416.2
33.10,35342.15
33.15,35268.35
33.20,35194.65
33.25,35121.2
33.30,35047.85
33.35,34974.75
33.40,34901.75
33.45,34828.95
33.50,34756.35
33.55,34683.9
33.60,34611.65
33.65,34539.5
33.70,34467.6
33.75,34395.85
33.80,34324.25
33.85,34252.8
33.90,34181.55
33.95,34110.45
34.00,34039.55
34.05,33968.8
34.10,33898.2
34.15,33827.8
34.20,33757.55
34.25,33687.45
34.30,33617.55
34.35,33547.8
34.40,33478.2
34.45,33408.8
34.50,33339.55
34.55,33270.45
34.60,33201.5
34.65,33132.75
34.70,33064.1
34.75,32995.7
34.80,32927.4
34.85,32859.25
34.90,32791.3
34.95,32723.5
35.00,32655.85
35.05,32588.35
35.10,32521.05
35.15,32453.85
35.20,32386.85
35.25,32320
35.30,32253.3
35.35,32186.75
35.40,32120.4
35.45,32054.15
35.50,31988.1
35.55,31922.15
35.60,31856.4
35.65,31790.8
35.70,31725.35
35.75,31660.05
35.80,31594.9
35.85,31529.9
35.90,31465.05
35.95,31400.35
36.00,31335.85
36.05,31271.45
36.10,31207.2
36.15,31143.1
36.20,31079.15
36.25,31015.4
36.30,30951.75
36.35,30888.25
36.40,30824.9
36.45,30761.7
36.50,30698.65
36.55,30635.75
36.60,30573
36.65,30510.4
36.70,30447.95
36.75,30385.65
36.80,30323.45
36.85,30261.45
36.90,30199.55
36.95,30137.8
37.00,30076.25
37.05,30014.8
37.10,29953.5
37.15,29892.3
37.20,29831.3
37.25,29770.4
37.30,29709.65
37.35,29649.1
37.40,29588.6
37.45,29528.3
37.50,29468.15
37.55,29408.1
37.60,29348.2
37.65,29288.45
37.70,29228.8
37.75,29169.35
37.80,29110
37.85,29050.8
37.90,28991.75
37.95,28932.8
38.00,28874
38.05,28815.35
38.10,28756.8
38.15,28698.45
38.20,28640.2
38.25,28582.05
38.30,28524.1
38.35,28466.25
38.40,28408.5
38.45,28350.95
38.50,28293.5
38.55,28236.15
38.60,28179
38.65,28121.95
38.70,28065
38.75,28008.25
38.80,27951.55
38.85,27895.05
38.90,27838.65
38.95,27782.4
39.00,27726.25
39.05,27670.25
39.10,27614.35
39.15,27558.6
39.20,27503
39.25,27447.5
39.30,27392.1
39.35,27336.9
39.40,27281.75
39.45,27226.8
39.50,27171.9
39.55,27117.2
39.60,27062.6
39.65,27008.1
39.70,26953.75
39.75,26899.5
39.80,26845.4
39.85,26791.4
39.90,26737.55
39.95,26683.8
40.00,26630.2
40.05,26576.7
40.10,26523.35
40.15,26470.1
40.20,26417
40.25,26364
40.30,26311.1
40.35,26258.35
40.40,26205.7
40.45,26153.2
40.50,26100.8
40.55,26048.5
40.60,25996.35
40.65,25944.3
40.70,25892.4
40.75,25840.6
40.80,25788.9
40.85,25737.3
40.90,25685.85
40.95,25634.55
41.00,25583.35
41.05,25532.25
41.10,25481.25
41.15,25430.4
41.20,25379.65
41.25,25329
41.30,25278.5
41.35,25228.05
41.40,25177.8
41.45,25127.6
41.50,25077.55
41.55,25027.6
41.60,24977.75
41.65,24928.05
41.70,24878.45
41.75,24828.95
41.80,24779.55
41.85,24730.3
41.90,24681.15
41.95,24632.1
42.00,24583.15
42.05,24534.3
42.10,24485.6
42.15,24437
42.20,24388.5
42.25,24340.1
42.30,24291.85
42.35,24243.7
42.40,24195.6
42.45,24147.7
42.50,24099.85
42.55,24052.1
42.60,24004.5
42.65,23956.95
42.70,23909.55
42.75,23862.25
42.80,23815.05
42.85,23768
42.90,23721
42.95,23674.1
43.00,23627.35
43.05,23580.7
43.10,23534.15
43.15,23487.65
43.20,23441.3
43.25,23395.1
43.30,23348.95
43.35,23302.9
43.40,23256.95
43.45,23211.15
43.50,23165.4
43.55,23119.8
43.60,23074.25
43.65,23028.85
43.70,22983.55
43.75,22938.3
43.80,22893.2
43.85,22848.2
43.90,22803.3
43.95,22758.45
44.00,22713.75
44.05,22669.15
44.10,22624.65
44.15,22580.25
44.20,22535.9
44.25,22491.7
44.30,22447.6
44.35,22403.6
44.40,22359.65
44.45,22315.85
44.50,22272.15
44.55,22228.5
44.60,22185
44.65,22141.55
44.70,22098.25
44.75,22055
44.80,22011.85
44.85,21968.85
44.90,21925.9
44.95,21883.05
45.00,21840.3
45.05,21797.65
45.10,21755.1
45.15,21712.6
45.20,21670.25
45.25,21627.95
45.30,21585.8
45.35,21543.7
45.40,21501.7
45.45,21459.8
45.50,21418
45.55,21376.3
45.60,21334.65
45.65,21293.15
45.70,21251.7
45.75,21210.35
45.80,21169.1
45.85,21127.95
45.90,21086.9
45.95,21045.9
46.00,21005
46.05,20964.2
46.10,20923.5
46.15,20882.9
46.20,20842.35
46.25,20801.95
46.30,20761.6
46.35,20721.35
46.40,20681.15
46.45,20641.1
46.50,20601.1
46.55,20561.2
46.60,20521.4
46.65,20481.65
46.70,20442.05
46.75,20402.5
46.80,20363
46.85,20323.65
46.90,20284.35
46.95,20245.15
47.00,20206.05
47.05,20167
47.10,20128.1
47.15,20089.25
47.20,20050.45
47.25,20011.8
47.30,19973.2
47.35,19934.65
47.40,19896.25
47.45,19857.9
47.50,19819.65
47.55,19781.45
47.60,19743.35
47.65,19705.35
47.70,19667.45
47.75,19629.6
47.80,19591.85
47.85,19554.2
47.90,19516.6
47.95,19479.1
48.00,19441.65
48.05,19404.3
48.10,19367.05
48.15,19329.85
48.20,19292.8
48.25,19255.75
48.30,19218.85
48.35,19181.95
48.40,19145.2
48.45,19108.5
48.50,19071.9
48.55,19035.35
48.60,18998.9
48.65,18962.55
48.70,18926.25
48.75,18890.05
48.80,18853.9
48.85,18817.85
48.90,18781.9
48.95,18746
49.00,18710.15
49.05,18674.4
49.10,18638.75
49.15,18603.2
49.20,18567.65
49.25,18532.25
49.30,18496.9
49.35,18461.6
49.40,18426.4
49.45,18391.3
49.50,18356.25
49.55,18321.3
49.60,18286.4
49.65,18251.6
49.70,18216.85
49.75,18182.2
49.80,18147.6
49.85,18113.1
49.90,18078.65
49.95,18044.3
50.00,18010
50.05,17975.8
50.10,17941.65
50.15,17907.6
50.20,17873.6
50.25,17839.7
50.30,17805.85
50.35,17772.05
50.40,17738.35
50.45,17704.75
50.50,17671.2
50.55,17637.7
50.60,17604.3
50.65,17571
50.70,17537.7
50.75,17504.55
50.80,17471.4
50.85,17438.4
50.90,17405.4
50.95,17372.5
51.00,17339.65
51.05,17306.9
51.10,17274.25
51.15,17241.6
51.20,17209.05
51.25,17176.6
51.30,17144.2
51.35,17111.85
51.40,17079.6
51.45,17047.4
51.50,17015.25
51.55,16983.2
51.60,16951.2
51.65,16919.3
51.70,16887.45
51.75,16855.65
51.80,16823.95
51.85,16792.3
51.90,16760.7
51.95,16729.2
52.00,16697.75
52.05,16666.4
52.10,16635.1
52.15,16603.85
52.20,16572.7
52.25,16541.6
52.30,16510.55
52.35,16479.55
52.40,16448.65
52.45,16417.85
52.50,16387.05
52.55,16356.35
52.60,16325.7
52.65,16295.15
52.70,16264.65
52.75,16234.2
52.80,16203.8
52.85,16173.5
52.90,16143.25
52.95,16113.05
53.00,16082.95
53.05,16052.9
53.10,16022.9
53.15,15993
53.20,15963.1
53.25,15933.3
53.30,15903.6
53.35,15873.9
53.40,15844.3
53.45,15814.75
53.50,15785.3
53.55,15755.9
53.60,15726.5
53.65,15697.25
53.70,15668
53.75,15638.85
53.80,15609.75
53.85,15580.7
53.90,15551.7
53.95,15522.8
54.00,15493.95
54.05,15465.15
54.10,15436.4
54.15,15407.75
54.20,15379.1
54.25,15350.55
54.30,15322.1
54.35,15293.65
54.40,15265.3
54.45,15237
54.50,15208.75
54.55,15180.55
54.60,15152.4
54.65,15124.35
54.70,15096.35
54.75,15068.4
54.80,15040.5
54.85,15012.65
54.90,14984.9
54.95,14957.2
55.00,14929.55
55.05,14901.95
55.10,14874.4
55.15,14846.9
55.20,14819.5
55.25,14792.15
55.30,14764.85
55.35,14737.6
55.40,14710.4
55.45,14683.25
55.50,14656.2
55.55,14629.15
55.60,14602.2
55.65,14575.3
55.70,14548.45
55.75,14521.7
55.80,14494.95
55.85,14468.25
55.90,14441.65
55.95,14415.1
56.00,14388.6
56.05,14362.15
56.10,14335.75
56.15,14309.4
56.20,14283.1
56.25,14256.9
56.30,14230.7
56.35,14204.6
56.40,14178.5
56.45,14152.5
56.50,14126.55
56.55,14100.65
56.60,14074.8
56.65,14049.05
56.70,14023.3
56.75,13997.6
56.80,13972
56.85,13946.4
56.90,13920.9
56.95,13895.4
57.00,13870
57.05,13844.65
57.10,13819.35
57.15,13794.1
57.20,13768.9
57.25,13743.75
57.30,13718.65
57.35,13693.6
57.40,13668.6
57.45,13643.65
57.50,13618.8
57.55,13593.95
57.60,13569.15
57.65,13544.45
57.70,13519.75
57.75,13495.15
57.80,13470.55
57.85,13446.05
57.90,13421.55
57.95,13397.15
58.00,13372.75
58.05,13348.45
58.10,13324.2
58.15,13299.95
58.20,13275.8
58.25,13251.7
58.30,13227.6
58.35,13203.6
58.40,13179.65
58.45,13155.7
58.50,13131.85
58.55,13108.05
58.60,13084.25
58.65,13060.55
58.70,13036.9
58.75,13013.25
58.80,12989.7
58.85,12966.15
58.90,12942.7
58.95,12919.25
59.00,12895.9
59.05,12872.55
59.10,12849.3
59.15,12826.05
59.20,12802.9
59.25,12779.75
59.30,12756.65
59.35,12733.65
59.40,12710.65
59.45,12687.7
59.50,12664.8
59.55,12641.95
59.60,12619.15
59.65,12596.4
59.70,12573.7
59.75,12551.05
59.80,12528.45
59.85,12505.85
59.90,12483.35
59.95,12460.9
60.00,12438.45
60.05,12416.1
60.10,12393.75
60.15,12371.45
60.20,12349.25
60.25,12327.05
60.30,12304.9
60.35,12282.8
60.40,12260.75
60.45,12238.7
60.50,12216.75
60.55,12194.85
60.60,12172.95
60.65,12151.15
60.70,12129.35
60.75,12107.6
60.80,12085.9
60.85,12064.25
60.90,12042.65
60.95,12021.1
61.00,11999.55
61.05,11978.1
61.10,11956.65
61.15,11935.3
61.20,11913.95
61.25,11892.65
61.30,11871.4
61.35,11850.2
61.40,11829
61.45,11807.9
61.50,11786.8
61.55,11765.8
61.60,11744.8
61.65,11723.85
61.70,11702.95
61.75,11682.05
61.80,11661.25
61.85,11640.45
61.90,11619.75
61.95,11599.05
62.00,11578.4
62.05,11557.8
62.10,11537.2
62.15,11516.7
62.20,11496.2
62.25,11475.75
62.30,11455.4
62.35,11435
62.40,11414.7
62.45,11394.45
62.50,11374.2
62.55,11354
62.60,11333.85
62.65,11313.75
62.70,11293.7
62.75,11273.65
62.80,11253.65
62.85,11233.7
62.90,11213.8
62.95,11193.95
63.00,11174.15
63.05,11154.35
63.10,11134.6
63.15,11114.9
63.20,11095.25
63.25,11075.6
63.30,11056.05
63.35,11036.5
63.40,11017
63.45,10997.55
63.50,10978.1
63.55,10958.7
63.60,10939.4
63.65,10920.05
63.70,10900.8
63.75,10881.6
63.80,10862.4
63.85,10843.25
63.90,10824.15
63.95,10805.05
64.00,10786.05
64.05,10767.05
64.10,10748.1
64.15,10729.15
64.20,10710.3
64.25,10691.45
64.30,10672.65
64.35,10653.85
64.40,10635.15
64.45,10616.45
64.50,10597.8
64.55,10579.2
64.60,10560.6
64.65,10542.1
64.70,10523.6
64.75,10505.1
64.80,10486.7
64.85,10468.3
64.90,10449.95
64.95,10431.65
65.00,10413.35
65.05,10395.1
65.10,10376.9
65.15,10358.75
65.20,10340.6
65.25,10322.5
65.30,10304.45
65.35,10286.45
65.40,10268.45
65.45,10250.5
65.50,10232.6
65.55,10214.7
65.60,10196.85
65.65,10179.05
65.70,10161.3
65.75,10143.55
65.80,10125.85
65.85,10108.2
65.90,10090.6
65.95,10073
66.00,10055.45
66.05,10037.9
66.10,10020.4
66.15,10002.95
66.20,9985.55
66.25,9968.2
66.30,9950.85
66.35,9933.5
66.40,9916.25
66.45,9899
66.50,9881.8
66.55,9864.6
66.60,9847.5
66.65,9830.4
66.70,9813.3
66.75,9796.3
66.80,9779.25
66.85,9762.3
66.90,9745.35
66.95,9728.45
67.00,9711.6
67.05,9694.75
67.10,9677.95
67.15,9661.2
67.20,9644.5
67.25,9627.8
67.30,9611.1
67.35,9594.5
67.40,9577.9
67.45,9561.3
67.50,9544.8
67.55,9528.3
67.60,9511.8
67.65,9495.4
67.70,9479
67.75,9462.6
67.80,9446.3
67.85,9429.95
67.90,9413.7
67.95,9397.45
68.00,9381.25
68.05,9365.1
68.10,9348.95
68.15,9332.85
68.20,9316.75
68.25,9300.7
68.30,9284.7
68.35,9268.7
68.40,9252.75
68.45,9236.85
68.50,9220.95
68.55,9205.1
68.60,9189.25
68.65,9173.5
68.70,9157.7
68.75,9142
68.80,9126.3
68.85,9110.6
68.90,9095
68.95,9079.35
69.00,9063.8
69.05,9048.25
69.10,9032.75
69.15,9017.25
69.20,9001.8
69.25,8986.4
69.30,8971
69.35,8955.65
69.40,8940.3
69.45,8925
69.50,8909.7
69.55,8894.5
69.60,8879.25
69.65,8864.1
69.70,8848.95
69.75,8833.8
69.80,8818.75
69.85,8803.65
69.90,8788.65
69.95,8773.65
70.00,8758.65
70.05,8743.7
70.10,8728.8
70.15,8713.9
70.20,8699.05
70.25,8684.25
70.30,8669.45
70.35,8654.7
70.40,8639.95
70.45,8625.25
70.50,8610.55
70.55,8595.9
70.60,8581.25
70.65,8566.7
70.70,8552.1
70.75,8537.6
70.80,8523.05
70.85,8508.6
70.90,8494.15
70.95,8479.7
71.00,8465.3
71.05,8450.95
71.10,8436.6
71.15,8422.3
71.20,8408
71.25,8393.75
71.30,8379.55
71.35,8365.35
71.40,8351.15
71.45,8337
71.50,8322.9
71.55,8308.8
71.60,8294.75
71.65,8280.7
71.70,8266.7
71.75,8252.75
71.80,8238.8
71.85,8224.85
71.90,8210.95
71.95,8197.1
72.00,8183.25
72.05,8169.45
72.10,8155.65
72.15,8141.9
72.20,8128.15
72.25,8114.45
72.30,8100.75
72.35,8087.1
72.40,8073.45
72.45,8059.85
72.50,8046.3
72.55,8032.75
72.60,8019.2
72.65,8005.75
72.70,7992.25
72.75,7978.8
72.80,7965.4
72.85,7952
72.90,7938.65
72.95,7925.3
73.00,7912
73.05,7898.7
73.10,7885.45
73.15,7872.2
73.20,7859
73.25,7845.8
73.30,7832.65
73.35,7819.5
73.40,7806.4
73.45,7793.3
73.50,7780.25
73.55,7767.2
73.60,7754.2
73.65,7741.25
73.70,7728.25
73.75,7715.35
73.80,7702.45
73.85,7689.55
73.90,7676.7
73.95,7663.85
74.00,7651.05
74.05,7638.25
74.10,7625.5
74.15,7612.75
74.20,7600.05
74.25,7587.35
74.30,7574.7
74.35,7562.1
74.40,7549.45
74.45,7536.9
74.50,7524.3
74.55,7511.75
74.60,7499.25
74.65,7486.75
74.70,7474.3
74.75,7461.85
74.80,7449.45
74.85,7437.05
74.90,7424.65
74.95,7412.3
75.00,7400
75.05,7387.65
75.10,7375.35
75.15,7363.1
75.20,7350.8
75.25,7338.6
75.30,7326.35
75.35,7314.2
75.40,7302
75.45,7289.9
75.50,7277.75
75.55,7265.65
75.60,7253.6
75.65,7241.55
75.70,7229.55
75.75,7217.55
75.80,7205.55
75.85,7193.6
75.90,7181.65
75.95,7169.75
76.00,7157.9
76.05,7146
76.10,7134.2
76.15,7122.35
76.20,7110.55
76.25,7098.8
76.30,7087.05
76.35,7075.35
76.40,7063.65
76.45,7051.95
76.50,7040.3
76.55,7028.65
76.60,7017.05
76.65,7005.45
76.70,6993.9
76.75,6982.35
76.80,6970.85
76.85,6959.35
76.90,6947.85
76.95,6936.4
77.00,6924.95
77.05,6913.55
77.10,6902.15
77.15,6890.8
77.20,6879.45
77.25,6868.15
77.30,6856.8
77.35,6845.55
77.40,6834.3
77.45,6823.05
77.50,6811.85
77.55,6800.65
77.60,6789.45
77.65,6778.3
77.70,6767.2
77.75,6756.1
77.80,6745
77.85,6733.9
77.90,6722.9
77.95,6711.85
78.00,6700.85
78.05,6689.85
78.10,6678.9
78.15,6667.95
78.20,6657.05
78.25,6646.15
78.30,6635.3
78.35,6624.45
78.40,6613.6
78.45,6602.8
78.50,6592
78.55,6581.2
78.60,6570.45
78.65,6559.75
78.70,6549
78.75,6538.35
78.80,6527.65
78.85,6517
78.90,6506.4
78.95,6495.75
79.00,6485.2
79.05,6474.6
79.10,6464.05
79.15,6453.55
79.20,6443
79.25,6432.55
79.30,6422.05
79.35,6411.6
79.40,6401.2
79.45,6390.8
79.50,6380.4
79.55,6370
79.60,6359.65
79.65,6349.35
79.70,6339.05
79.75,6328.75
79.80,6318.45
79.85,6308.2
79.90,6298
79.95,6287.75
80.00,6277.55
